{
  "align_cos": 0.7748320698738098,
  "l2_pred_diff": 0.625033974647522
}