{
  "auroc": 0.55504172205747,
  "layer_stats": [
    {
      "auroc": 0.55504172205747,
      "layer": 0,
      "mean_clean": -0.12672536075115204,
      "mean_noisy": -0.15870706737041473
    }
  ],
  "mean_clean": -0.12672537040496848,
  "mean_noisy": -0.15870706159433823
}