alpha,test_mse
1.0,0.6639171838760376
1.5,1.1045453548431396
2.0,3.1904456615448
3.0,18.588380813598633
