{
  "align_cos": 0.009625013917684555,
  "l2_pred_diff": 0.6184707283973694
}