{
  "auroc": 0.5224822518060225,
  "layer_stats": [
    {
      "auroc": 0.4478830305414491,
      "layer": 0,
      "mean_clean": 0.04994265362620354,
      "mean_noisy": 0.05005723610520363
    },
    {
      "auroc": 0.6420948525379682,
      "layer": 1,
      "mean_clean": 0.23383411765098572,
      "mean_noisy": 0.21271486580371857
    }
  ],
  "mean_clean": 0.14188838894756645,
  "mean_noisy": 0.13138605160484226
}