alpha,test_mse
1.0,0.851481556892395
1.5,0.8515092134475708
2.0,0.8516016006469727
3.0,0.8520252704620361
