{
  "align_cos": 0.8164919018745422,
  "eta": 0.1,
  "eta_candidates": [
    0.1
  ],
  "l2_pred_diff": 0.2747903328015565,
  "pe_scale": 1.0,
  "per_eta": [
    {
      "align_cos": 0.8164919018745422,
      "eta": 0.1,
      "l2_pred_diff": 0.2747903328015565
    }
  ],
  "seq_sha1": "1740a9a3368ac7bc8b607d9d15cec692a857acae",
  "target_sha1": "f2a5ad1a3ab36fa62ec7cf6d992b38bb7a91ac58"
}