{
  "auroc": 0.4787934507902001,
  "layer_stats": [
    {
      "auroc": 0.42368948493730585,
      "layer": 0,
      "mean_clean": 0.04344163089990616,
      "mean_noisy": 0.05163884162902832
    },
    {
      "auroc": 0.49836376998315474,
      "layer": 1,
      "mean_clean": 0.0007210625917650759,
      "mean_noisy": 0.002524349605664611
    }
  ],
  "mean_clean": 0.022081346989499175,
  "mean_noisy": 0.02708159559071841
}