alpha,test_mse
1.0,0.8695228695869446
1.5,1.1233513355255127
2.0,1.9970215559005737
3.0,8.416637420654297
