{
  "align_cos": 0.7978973388671875,
  "l2_pred_diff": 0.6458580493927002
}