{
  "auroc": 0.4883098622201252,
  "layer_stats": [
    {
      "auroc": 0.4883098622201252,
      "layer": 0,
      "mean_clean": -0.13613802194595337,
      "mean_noisy": -0.12813547253608704
    }
  ],
  "mean_clean": -0.13613801534164718,
  "mean_noisy": -0.12813546984015936
}