alpha,test_mse
1.0,0.6595710515975952
1.5,1.154113531112671
2.0,3.433133363723755
3.0,20.13824462890625
