{
  "align_cos": 0.9711881875991821,
  "eta": 0.2,
  "eta_candidates": [
    0.05,
    0.1,
    0.2
  ],
  "l2_pred_diff": 0.6258511469710494,
  "pe_scale": 1.0,
  "per_eta": [
    {
      "align_cos": 0.9711878299713135,
      "eta": 0.05,
      "l2_pred_diff": 0.6413026807386675
    },
    {
      "align_cos": 0.9711880683898926,
      "eta": 0.1,
      "l2_pred_diff": 0.6361492863443682
    },
    {
      "align_cos": 0.9711881875991821,
      "eta": 0.2,
      "l2_pred_diff": 0.6258511469710494
    }
  ],
  "seq_sha1": "26f190a7648ce59f1e2f33ad68d5e88f2c57e957",
  "target_sha1": "f2a5ad1a3ab36fa62ec7cf6d992b38bb7a91ac58"
}