alpha,test_mse
1.0,0.4193984866142273
1.5,1.0216178894042969
2.0,4.083491802215576
3.0,28.79578971862793
