{
  "align_cos": 0.026907097548246384,
  "l2_pred_diff": 0.6641653776168823
}