{
  "auroc": 0.5023157305064028,
  "layer_stats": [
    {
      "auroc": 0.5022516411483151,
      "layer": 0,
      "mean_clean": 0.050503090023994446,
      "mean_noisy": 0.04847528412938118
    },
    {
      "auroc": 0.5013149230022182,
      "layer": 1,
      "mean_clean": 0.0007243808940984309,
      "mean_noisy": 0.0007829308742657304
    }
  ],
  "mean_clean": 0.02561373524331835,
  "mean_noisy": 0.02462910791031593
}