alpha,test_mse
1.0,0.45396888256073
1.5,1.177412509918213
2.0,4.913909435272217
3.0,35.697425842285156
