{
  "align_cos": 0.9718077182769775,
  "eta": 0.1,
  "eta_candidates": [
    0.1
  ],
  "l2_pred_diff": 0.6533638293908023,
  "pe_scale": 1.0,
  "per_eta": [
    {
      "align_cos": 0.9718077182769775,
      "eta": 0.1,
      "l2_pred_diff": 0.6533638293908023
    }
  ],
  "seq_sha1": "90d9b7b73c4d076d96d69bf896f2a92f70d6b4d3",
  "target_sha1": "f2a5ad1a3ab36fa62ec7cf6d992b38bb7a91ac58"
}