{
  "align_cos": 0.03739962354302406,
  "l2_pred_diff": 0.6917257905006409
}