{
  "auroc": 0.5542251770259639,
  "layer_stats": [
    {
      "auroc": 0.6772313890279665,
      "layer": 0,
      "mean_clean": 0.06516813486814499,
      "mean_noisy": 0.03486145660281181
    },
    {
      "auroc": 0.5021687349498128,
      "layer": 1,
      "mean_clean": 0.0012800648109987378,
      "mean_noisy": 0.0006617678445763886
    }
  ],
  "mean_clean": 0.03322410268923257,
  "mean_noisy": 0.017761611831457108
}