alpha,test_mse
1.0,0.4890655279159546
1.5,1.2960939407348633
2.0,5.2687482833862305
3.0,37.57029724121094
