{
  "align_cos": 0.7731422781944275,
  "l2_pred_diff": 0.6114616394042969
}