{
  "auroc": 0.5406717903159832,
  "layer_stats": [
    {
      "auroc": 0.5406717903159832,
      "layer": 0,
      "mean_clean": -0.12870997190475464,
      "mean_noisy": -0.15269073843955994
    }
  ],
  "mean_clean": -0.12870997562525271,
  "mean_noisy": -0.15269073857675758
}