alpha,test_mse
1.0,0.6693458557128906
1.5,1.0753705501556396
2.0,3.0623912811279297
3.0,17.852336883544922
