{
  "auroc": 0.15085462594371624,
  "layer_stats": [
    {
      "auroc": 0.15085462594371624,
      "layer": 0,
      "mean_clean": 0.0256635844707489,
      "mean_noisy": 0.40532582998275757
    }
  ],
  "mean_clean": 0.025663586925286582,
  "mean_noisy": 0.4053258034196631
}