{
  "align_cos": 0.7958345413208008,
  "eta": 0.1,
  "eta_candidates": [
    0.1
  ],
  "l2_pred_diff": 0.6554537893049712,
  "pe_scale": 1.0,
  "per_eta": [
    {
      "align_cos": 0.7958345413208008,
      "eta": 0.1,
      "l2_pred_diff": 0.6554537893049712
    }
  ],
  "seq_sha1": "e3cb37e5961b55cc2975cbbf92e918abb1a22d71",
  "target_sha1": "7ee2e32b18ead01fbff49e35ef676ea21f9c4b71"
}