{
  "auroc": 0.4977914244377059,
  "layer_stats": [
    {
      "auroc": 0.4977914244377059,
      "layer": 0,
      "mean_clean": -0.13305628299713135,
      "mean_noisy": -0.13120879232883453
    }
  ],
  "mean_clean": -0.13305628151151988,
  "mean_noisy": -0.13120878903867403
}