{
  "align_cos": 0.7834213972091675,
  "l2_pred_diff": 0.640326976776123
}