{
  "align_cos": 0.8031516671180725,
  "eta": 0.1,
  "eta_candidates": [
    0.1
  ],
  "l2_pred_diff": 0.669065812667065,
  "pe_scale": 1.0,
  "per_eta": [
    {
      "align_cos": 0.8031516671180725,
      "eta": 0.1,
      "l2_pred_diff": 0.669065812667065
    }
  ],
  "seq_sha1": "839dd064ca6601f6667372869ad961c7b9294d8b",
  "target_sha1": "7ee2e32b18ead01fbff49e35ef676ea21f9c4b71"
}