{
  "auroc": 0.49526814460281954,
  "layer_stats": [
    {
      "auroc": 0.49526814460281954,
      "layer": 0,
      "mean_clean": -0.1346317082643509,
      "mean_noisy": -0.13148924708366394
    }
  ],
  "mean_clean": -0.13463170777487068,
  "mean_noisy": -0.1314892430897351
}