alpha,test_mse
1.0,0.6966965794563293
1.5,1.2512719631195068
2.0,3.6598010063171387
3.0,21.02616310119629
