{
  "align_cos": 0.7740885019302368,
  "l2_pred_diff": 0.6209846138954163
}