{
  "auroc": 0.500520522292668,
  "layer_stats": [
    {
      "auroc": 0.500520522292668,
      "layer": 0,
      "mean_clean": -0.13468806445598602,
      "mean_noisy": -0.13456816971302032
    }
  ],
  "mean_clean": -0.13468806716567022,
  "mean_noisy": -0.13456817753372374
}