alpha,test_mse
1.0,0.6666978001594543
1.5,1.094702959060669
2.0,3.129681348800659
3.0,18.16863250732422
