{
  "align_cos": -0.00012139463797211647,
  "l2_pred_diff": 0.5013795495033264
}