{
  "auroc": 0.5527745705140718,
  "layer_stats": [
    {
      "auroc": 0.6398098147499948,
      "layer": 0,
      "mean_clean": 0.05853106454014778,
      "mean_noisy": 0.02414487674832344
    },
    {
      "auroc": 0.5041718551951406,
      "layer": 1,
      "mean_clean": -0.00013079385098535568,
      "mean_noisy": -0.0005494673969224095
    }
  ],
  "mean_clean": 0.029200136047605213,
  "mean_noisy": 0.011797704236315775
}