alpha,test_mse
1.0,0.5753087401390076
1.5,0.9471683502197266
2.0,2.8906185626983643
3.0,18.456815719604492
