{
  "align_cos": 0.0012281558010727167,
  "l2_pred_diff": 0.5021495223045349
}