{
  "auroc": 0.630780317394478,
  "layer_stats": [
    {
      "auroc": 0.9249976889105243,
      "layer": 0,
      "mean_clean": 0.06649778038263321,
      "mean_noisy": 1.4972390260936663e-07
    },
    {
      "auroc": 0.5045494753293291,
      "layer": 1,
      "mean_clean": 0.0006781555712223053,
      "mean_noisy": -0.00011060853285016492
    }
  ],
  "mean_clean": 0.03358796537092524,
  "mean_noisy": -5.522938013828489e-05
}