alpha,test_mse
1.0,0.5704784989356995
1.5,0.929806113243103
2.0,2.7740936279296875
3.0,17.02762222290039
