{
  "align_cos": 0.9617009162902832,
  "eta": 0.1,
  "eta_candidates": [
    0.1
  ],
  "l2_pred_diff": 0.6804603917761515,
  "pe_scale": 1.0,
  "per_eta": [
    {
      "align_cos": 0.9617009162902832,
      "eta": 0.1,
      "l2_pred_diff": 0.6804603917761515
    }
  ],
  "seq_sha1": "5ee5ac18e0badf18dd3250daa5c1765af33b52fc",
  "target_sha1": "f2a5ad1a3ab36fa62ec7cf6d992b38bb7a91ac58"
}