alpha,test_mse
1.0,0.49539247155189514
1.5,1.3010108470916748
2.0,5.272721290588379
3.0,37.60740661621094
