{
  "align_cos": 0.9524325728416443,
  "eta": 0.1,
  "eta_candidates": [
    0.1
  ],
  "l2_pred_diff": 0.6961378278380923,
  "pe_scale": 1.0,
  "per_eta": [
    {
      "align_cos": 0.9524325728416443,
      "eta": 0.1,
      "l2_pred_diff": 0.6961378278380923
    }
  ],
  "seq_sha1": "e2bddffd2c0773193d7814bdbf3498ff7fd2f8cf",
  "target_sha1": "f2a5ad1a3ab36fa62ec7cf6d992b38bb7a91ac58"
}