{
  "auroc": 0.5012695788962359,
  "layer_stats": [
    {
      "auroc": 0.5047453191339857,
      "layer": 0,
      "mean_clean": 0.051185235381126404,
      "mean_noisy": 0.049703821539878845
    },
    {
      "auroc": 0.4995668439580982,
      "layer": 1,
      "mean_clean": 0.0005523641593754292,
      "mean_noisy": 0.0015858085826039314
    }
  ],
  "mean_clean": 0.025868800615180976,
  "mean_noisy": 0.025644817454648597
}