alpha,test_mse
1.0,0.5220082998275757
1.5,1.3611400127410889
2.0,5.443914413452148
3.0,38.62232208251953
