{
  "align_cos": 0.7813000679016113,
  "l2_pred_diff": 0.6058170795440674
}