alpha,test_mse
1.0,0.6468874216079712
1.5,1.0421388149261475
2.0,3.075915813446045
3.0,18.402587890625
