{
  "align_cos": 0.7776049375534058,
  "l2_pred_diff": 0.611406683921814
}