alpha,test_mse
1.0,0.5998818278312683
1.5,1.008915662765503
2.0,3.1536307334899902
3.0,19.39491081237793
