{
  "align_cos": 0.2243647277355194,
  "eta": 0.2,
  "eta_candidates": [
    0.05,
    0.1,
    0.2
  ],
  "l2_pred_diff": 0.18031233494980795,
  "pe_scale": 0.0,
  "per_eta": [
    {
      "align_cos": 0.2243645042181015,
      "eta": 0.05,
      "l2_pred_diff": 0.18307790930294865
    },
    {
      "align_cos": 0.22436466813087463,
      "eta": 0.1,
      "l2_pred_diff": 0.1820049733527788
    },
    {
      "align_cos": 0.2243647277355194,
      "eta": 0.2,
      "l2_pred_diff": 0.18031233494980795
    }
  ],
  "seq_sha1": "2a269557fe14601078a8729887e808308a7e8219",
  "target_sha1": "f2a5ad1a3ab36fa62ec7cf6d992b38bb7a91ac58"
}