{
  "align_cos": 0.9810051918029785,
  "eta": 0.2,
  "eta_candidates": [
    0.05,
    0.1,
    0.2
  ],
  "l2_pred_diff": 0.6111706418124083,
  "pe_scale": 1.0,
  "per_eta": [
    {
      "align_cos": 0.9810048341751099,
      "eta": 0.05,
      "l2_pred_diff": 0.6268230077418309
    },
    {
      "align_cos": 0.981005072593689,
      "eta": 0.1,
      "l2_pred_diff": 0.621603702428094
    },
    {
      "align_cos": 0.9810051918029785,
      "eta": 0.2,
      "l2_pred_diff": 0.6111706418124083
    }
  ],
  "seq_sha1": "2a269557fe14601078a8729887e808308a7e8219",
  "target_sha1": "f2a5ad1a3ab36fa62ec7cf6d992b38bb7a91ac58"
}