{
  "auroc": NaN,
  "layer_stats": [
    {
      "auroc": NaN,
      "layer": 0,
      "mean_clean": 0.05000000074505806,
      "mean_noisy": NaN
    },
    {
      "auroc": NaN,
      "layer": 1,
      "mean_clean": 0.0007209799950942397,
      "mean_noisy": NaN
    }
  ],
  "mean_clean": 0.025360490062409896,
  "mean_noisy": NaN
}