{
  "align_cos": 0.7834213972091675,
  "eta": 0.1,
  "eta_candidates": [
    0.1
  ],
  "l2_pred_diff": 0.6403269656005545,
  "pe_scale": 1.0,
  "per_eta": [
    {
      "align_cos": 0.7834213972091675,
      "eta": 0.1,
      "l2_pred_diff": 0.6403269656005545
    }
  ],
  "seq_sha1": "0e666aef3f595a569dca19c2c089c4d95f1a616a",
  "target_sha1": "7ee2e32b18ead01fbff49e35ef676ea21f9c4b71"
}