alpha,test_mse
1.0,0.65141361951828
1.5,1.1113309860229492
2.0,3.2951104640960693
3.0,19.42668914794922
