{
  "auroc": 0.8073022769093158,
  "layer_stats": [
    {
      "auroc": 0.8073022769093158,
      "layer": 0,
      "mean_clean": -0.009611391462385654,
      "mean_noisy": -0.2318270057439804
    }
  ],
  "mean_clean": -0.009611390987968814,
  "mean_noisy": -0.23182700949608476
}