alpha,test_mse
1.0,0.715395450592041
1.5,1.0408289432525635
2.0,2.5552239418029785
3.0,13.69011116027832
