{
  "align_cos": 0.7904419898986816,
  "l2_pred_diff": 0.6504120230674744
}