alpha,test_mse
1.0,0.44646555185317993
1.5,0.9922745227813721
2.0,3.7075204849243164
3.0,24.339710235595703
