{
  "align_cos": 0.7958345413208008,
  "l2_pred_diff": 0.6554538011550903
}