alpha,test_mse
1.0,0.6766051054000854
1.5,1.1920487880706787
2.0,3.5077714920043945
3.0,20.365848541259766
