alpha,test_mse
1.0,0.42282524704933167
1.5,1.0481350421905518
2.0,4.462522506713867
3.0,32.955562591552734
