{
  "align_cos": 0.7036829590797424,
  "eta": 0.1,
  "eta_candidates": [
    0.1
  ],
  "l2_pred_diff": 0.5552006886178399,
  "pe_scale": 1.0,
  "per_eta": [
    {
      "align_cos": 0.7036829590797424,
      "eta": 0.1,
      "l2_pred_diff": 0.5552006886178399
    }
  ],
  "seq_sha1": "7aa028ebe2934e912c4d9a630e1c4f81bc45fb46",
  "target_sha1": "7ee2e32b18ead01fbff49e35ef676ea21f9c4b71"
}