{
  "auroc": 0.540028779783209,
  "layer_stats": [
    {
      "auroc": 0.540028779783209,
      "layer": 0,
      "mean_clean": -0.12700961530208588,
      "mean_noisy": -0.1509605348110199
    }
  ],
  "mean_clean": -0.12700960710113487,
  "mean_noisy": -0.15096053292435052
}