alpha,test_mse
1.0,0.7156758308410645
1.5,1.0667140483856201
2.0,2.714913845062256
3.0,14.85110855102539
