{
  "align_cos": 0.038123056292533875,
  "l2_pred_diff": 0.6915575861930847
}