{
  "auroc": 0.5031993097775552,
  "layer_stats": [
    {
      "auroc": 0.504222568724221,
      "layer": 0,
      "mean_clean": 0.05090974643826485,
      "mean_noisy": 0.04909203201532364
    },
    {
      "auroc": 0.5026294840617028,
      "layer": 1,
      "mean_clean": 0.0014419637154787779,
      "mean_noisy": 0.000518798828125
    }
  ],
  "mean_clean": 0.02617585354631823,
  "mean_noisy": 0.024805415191402932
}