{
  "auroc": 0.44181429588965976,
  "layer_stats": [
    {
      "auroc": 0.2949547361895906,
      "layer": 0,
      "mean_clean": 0.03418782725930214,
      "mean_noisy": 0.06578132510185242
    },
    {
      "auroc": 0.5007225448823404,
      "layer": 1,
      "mean_clean": 0.001462584245018661,
      "mean_noisy": 0.0014709604438394308
    }
  ],
  "mean_clean": 0.017825205453405595,
  "mean_noisy": 0.03362614035727292
}