alpha,test_mse
1.0,0.7642757892608643
1.5,1.083631992340088
2.0,2.464106798171997
3.0,13.290861129760742
