{
  "auroc": 0.5121816052207434,
  "layer_stats": [
    {
      "auroc": 0.5121816052207434,
      "layer": 0,
      "mean_clean": -0.1297401636838913,
      "mean_noisy": -0.13657157123088837
    }
  ],
  "mean_clean": -0.12974015532788621,
  "mean_noisy": -0.13657157118352511
}