alpha,test_mse
1.0,0.8025997877120972
1.5,1.1420295238494873
2.0,2.5458617210388184
3.0,12.524866104125977
