{
  "align_cos": 0.8332687616348267,
  "l2_pred_diff": 0.6271252036094666
}