alpha,test_mse
1.0,0.6149474382400513
1.5,1.088974952697754
2.0,3.3741507530212402
3.0,20.327190399169922
