{
  "align_cos": 0.9810850620269775,
  "eta": 0.1,
  "eta_candidates": [
    0.1
  ],
  "l2_pred_diff": 0.6246035033445654,
  "pe_scale": 1.0,
  "per_eta": [
    {
      "align_cos": 0.9810850620269775,
      "eta": 0.1,
      "l2_pred_diff": 0.6246035033445654
    }
  ],
  "seq_sha1": "26f190a7648ce59f1e2f33ad68d5e88f2c57e957",
  "target_sha1": "f2a5ad1a3ab36fa62ec7cf6d992b38bb7a91ac58"
}