{
  "auroc": NaN,
  "layer_stats": [
    {
      "auroc": NaN,
      "layer": 0,
      "mean_clean": 0.05000000074505806,
      "mean_noisy": NaN
    },
    {
      "auroc": NaN,
      "layer": 1,
      "mean_clean": 0.0007762356544844806,
      "mean_noisy": NaN
    }
  ],
  "mean_clean": 0.025388117879071238,
  "mean_noisy": NaN
}