alpha,test_mse
1.0,0.4282408356666565
1.5,1.0592677593231201
2.0,4.501701354980469
3.0,33.18092727661133
