{
  "auroc": 0.5025186781433459,
  "layer_stats": [
    {
      "auroc": 0.5025282082321716,
      "layer": 0,
      "mean_clean": 0.05044102296233177,
      "mean_noisy": 0.04866338148713112
    },
    {
      "auroc": 0.5015712181281334,
      "layer": 1,
      "mean_clean": 0.00044973334297537804,
      "mean_noisy": 0.0006172313005663455
    }
  ],
  "mean_clean": 0.025445379717028743,
  "mean_noisy": 0.02464030597885861
}