{
  "align_cos": 0.4439045786857605,
  "eta": 0.1,
  "eta_candidates": [
    0.1
  ],
  "l2_pred_diff": 0.4306668824257079,
  "pe_scale": 1.0,
  "per_eta": [
    {
      "align_cos": 0.4439045786857605,
      "eta": 0.1,
      "l2_pred_diff": 0.4306668824257079
    }
  ],
  "seq_sha1": "ce0dc25a889d12cfa7020ab8ed38f5a8b5674eab",
  "target_sha1": "7ee2e32b18ead01fbff49e35ef676ea21f9c4b71"
}