{
  "auroc": 0.4248465398092755,
  "layer_stats": [
    {
      "auroc": 0.4248465398092755,
      "layer": 0,
      "mean_clean": -0.17047633230686188,
      "mean_noisy": -0.12558001279830933
    }
  ],
  "mean_clean": -0.17047633805631515,
  "mean_noisy": -0.12558000130052296
}