alpha,test_mse
1.0,0.8900413513183594
1.5,1.244828224182129
2.0,2.4324488639831543
3.0,10.268797874450684
