alpha,test_mse
1.0,0.6470471620559692
1.5,1.101409912109375
2.0,3.28812313079834
3.0,19.497610092163086
