{
  "align_cos": 0.7880048751831055,
  "l2_pred_diff": 0.6071622371673584
}