{
  "auroc": 0.7193708904284691,
  "layer_stats": [
    {
      "auroc": 0.7193708904284691,
      "layer": 0,
      "mean_clean": 0.1656593233346939,
      "mean_noisy": -0.0007284044404514134
    }
  ],
  "mean_clean": 0.16565933336465705,
  "mean_noisy": -0.000728404614402659
}