alpha,test_mse
1.0,0.6481543779373169
1.5,1.0680330991744995
2.0,3.16203236579895
3.0,18.820114135742188
