{
  "align_cos": 0.7815837860107422,
  "l2_pred_diff": 0.594572901725769
}