{
  "auroc": 0.7233102438899683,
  "layer_stats": [
    {
      "auroc": 0.7233102438899683,
      "layer": 0,
      "mean_clean": 0.16283400356769562,
      "mean_noisy": -0.01086872536689043
    }
  ],
  "mean_clean": 0.1628340068482539,
  "mean_noisy": -0.0108687251970226
}