alpha,test_mse
1.0,0.6692469120025635
1.5,1.0513067245483398
2.0,3.0294108390808105
3.0,17.95880889892578
