{
  "auroc": 0.5005063401165764,
  "layer_stats": [
    {
      "auroc": 0.5005063401165764,
      "layer": 0,
      "mean_clean": -0.13218022882938385,
      "mean_noisy": -0.13206584751605988
    }
  ],
  "mean_clean": -0.13218023145024013,
  "mean_noisy": -0.13206584452503686
}