{
  "align_cos": 0.024137722328305244,
  "l2_pred_diff": 0.6320082545280457
}