alpha,test_mse
1.0,0.6664779782295227
1.5,1.159981369972229
2.0,3.427318572998047
3.0,20.033660888671875
