{
  "align_cos": 0.9562289714813232,
  "eta": 0.1,
  "eta_candidates": [
    0.1
  ],
  "l2_pred_diff": 0.48917628844457955,
  "pe_scale": 1.0,
  "per_eta": [
    {
      "align_cos": 0.9562289714813232,
      "eta": 0.1,
      "l2_pred_diff": 0.48917628844457955
    }
  ],
  "seq_sha1": "2b57bc98d520903ce59388c90d163ae94e893c17",
  "target_sha1": "f2a5ad1a3ab36fa62ec7cf6d992b38bb7a91ac58"
}