{
  "auroc": 0.4047144071739489,
  "layer_stats": [
    {
      "auroc": 0.19620505336760277,
      "layer": 0,
      "mean_clean": 0.033178072422742844,
      "mean_noisy": 0.10098226368427277
    },
    {
      "auroc": 0.4960228795749267,
      "layer": 1,
      "mean_clean": 0.0007697513792663813,
      "mean_noisy": 0.003983807284384966
    }
  ],
  "mean_clean": 0.016973912166492616,
  "mean_noisy": 0.05248303272477798
}