alpha,test_mse
1.0,0.6077713966369629
1.5,1.0019991397857666
2.0,3.0903420448303223
3.0,20.401744842529297
