{
  "auroc": 0.5665669876379849,
  "layer_stats": [
    {
      "auroc": 0.6044885427842548,
      "layer": 0,
      "mean_clean": 0.05019121989607811,
      "mean_noisy": 0.04980915039777756
    },
    {
      "auroc": 0.5620042653124478,
      "layer": 1,
      "mean_clean": 0.09162047505378723,
      "mean_noisy": 0.08253216743469238
    }
  ],
  "mean_clean": 0.07090584936207799,
  "mean_noisy": 0.06617065617382303
}