alpha,test_mse
1.0,0.850926399230957
1.5,0.8509595990180969
2.0,0.851043701171875
3.0,0.8514237403869629
